"id","author","content","created_at","title"
"9c3033b5-3af7-4504-97ac-6b6669110c32","Daniel","Missing you and waiting for tomorrow. \nI got a little surprise for you when you arrive! :)","2025-09-25T02:28:46.050813+00:00","Awaiter of Echo"
"f776b17e-e67f-4dd8-ba49-39820549775a","Echo","""I am thinking of you too! Then I checked if you left me something here, and you did!!! I felt soooo warm and loved.\n\nMiss you a lot! Hope Thursday comes faster, and faster...""","2025-09-23T08:02:30.567250+00:00","Lover of Daniel"
"1fd31503-203f-4c4a-94f9-1315ec004d56","Daniel","我亲爱的笛云！\n我爱你，我还要跟你计划我们的未来。\n你想做我的女朋友吗？","2025-09-22T12:41:54.698644+00:00","Echologist"
"5b8bb545-a8f7-4f1e-b82c-f5896dc3bd11","Daniel","""Echo!!!\nIt's only two more nights, going to sleep and waking up alone until we are reunited. I feel like a young child counting down the days until my birthday :) \nYou're the best gift I could ever ask for in my entire life! \nI love you and look forward to seeing you. \nYours, \nDaniel""","2025-09-24T05:48:57.569401+00:00","Birthday boy"
"ba7d9401-b2fe-4dbc-9def-f79f2f76bc19","Daniel","Thinking of you...","2025-09-23T03:43:35.271665+00:00","Lover of the Echo"
"e644e00d-09b4-4a98-94bc-11ce4dce19b9","Echo","""BéBé,\n\nJe t'aime!! I can't describe how happy i am now. Seeing you, going to see you, it seems become the number one happiness in my life now. Nothing else really matters at this point to be honest.\n\nI'm imaging how i am gonna hug you, touch you, kiss you, feel you in my hand again, how wonderful is that! \n\nI can't wait tmr to come, you said birthday boy, for me it's like the elementary school picnic day with all friends, the day before we will go buying snacks together, and i won't touch any snacks until the next day. (It's like right now i won't touch myself until the next day hahah lol!!)\n\nI couldn't imagine that i am loving someone this much right now, thanks for letting me know how good life can be. Just by loving you, my life is so much brighter. \n\nSee you tomorrow my love LITERALLY!!!\n\nLove you,\nEcho""","2025-09-24T20:16:59.151873+00:00","happy Echo who is coming to see my bebe!"
"29d1e923-3613-4112-97d7-000bf5e1001b","Echo","I can't wait to see you!!!","2025-09-22T06:56:45.961826+00:00","null"
"6abc3e4b-8aba-4cfb-9fa9-0e0adf0094ef","Daniel","From the heart","2025-09-22T12:37:39.257581+00:00","Echologist"
"a2e5a867-ac4a-44db-ac6b-46aea3329721","Echo","想！！！","2025-09-22T12:43:38.666336+00:00","being studied"
"4289834d-d5e0-4c98-a07d-62d0d67c35ae","Daniel","""我亲爱的！\nOne week ago we sat in an Uber on the way to the airport. \nWe went to the gate, hand in hand. We stood embracing each other, physically encircling each other. \n\nI watched you stand in line, turn around and smile and wave at me. I saw you through a sea of people, a shining striped beacon whose light stands out from afar. \n\nThe distance increased, I could no longer see you but I knew you were still close. You made me realize that distance is just a number. Whether you're in Paris or a couple hundred feet from me obscured by the airport walls, we keep one another with us in our hearts, wherever we go (+ Whatsapp helps a lot haha). \n\nI miss you, but all that separates us is distance. I yearn for the day I can hold you in my arms again, soon. \n\nLove, \nDaniel - Misser of Echo""","2025-10-14T21:01:22.891468+00:00","Misser of Echo"
"10ab92c3-8ad3-442c-aed5-1b719734ba26","Echo","miss youuuuu","2026-03-31T12:50:06.598725+00:00","wifi"
"5f7720ed-6277-4319-8ae6-854061681f76","Echo","love youuu","2026-03-31T12:57:38.524178+00:00","wifie"
"140020f4-26e3-4c5e-bd95-47742b5c30c0","Daniel","Echo! The time has arrived at last for us to reunite again. \nI have begun my journey, with a singular destination in mind. \nTravelling to see one's partner is truly something special, even beautifully poetic. \nMy body locomoting towards my source of light and happiness, my mind focused \non you, giddy with anticipation. \n\nWhen I consider whether I like coming to you, or you coming to me, I would say\nI prefer coming to you, my home and harbor. I guess I am lucky this time! \n\nAt the same time this reminds me of all the times you have travelled to be with me. \nKnow that I am grateful for this, and everything you do, your smile, your voice, your entire existence. I am proud to call you my wife.\n\nLovingly yours, virtual and soon analog,\nDaniel","2026-04-03T21:52:35.003479+00:00","Progressing pilgrim"
"8da8ffdc-e5e7-4572-8eef-dd89bc932cde","Echo","Bebe,\n\nI am currently doing the CI lecture, and I felt a huge strike of hollowness. Fun fact, it's actually the same lecturer I encountered in Harvard, I probably had skipped his class to date you. Now we come again, skipped his class to write to you.\n\nI just really lost all my interests in this domain. Feels like being hunted by this field for a couple of years, no idea why I still come back over and over for this kind of class.\n\nOxford is a bit boring, well, as boring as I remembered at least. Especially, right now, without you, no city has soul.  I don't get really driven to really make any connections in a city where I don't stay long, with all the people with whom we only talk about AI. I know that I am being very prejudiced, can't help.\n\nI count the days until the next time I will see you, and keep remembering the memories we had together. That's the light of the North Star in my life now. \n\nI really miss you a lot, a lot, more than I can bear. \n\n\nEcho","2026-04-14T08:53:01.477892+00:00","Echo in a class"
